{"EIchange": {"t": [14590.0, 14600.0, 14600.0, 18250.0], "f": [0.0, 0.0, 0.0, 400.0, 0.0]}, "ss_x": {"t": [14590.0, 14600.0, 14600.0, 18250.0], "f": [0, 0, 1, 1, 0]}, "weight": 67.6, "ECFinit": 11.120199999999997, "height": 1.85, "age": 40.0, "Finit": 8.757283546041936, "Linit": 45.87251645395806, "Ginit": 0.5, "sex": 1.0}