{"f":0.0,"x":[0.408100000000000,0,0.926200000000000,0.0183000000000000,99.8670000000000,55.9788000000000,120,70,1,20,5]}