{"f":0.0,"x":[1.0,
1.85000000000000,
11.1202000000000,
12.7000000000000,
36.9348000000000,
0.100000000000000,
0.0,
0.0,
0.0,
0.0,
159.207,
130.0,
4.5,
1.495,
78000.0,
0.0,
0.0,
25.0,
25.0,
3.6,
0.0,
0.0,
0.0,
0.0,
0.0,
98.9508,
0.00206506,
0.912543,
0.0175195,
0.117065,
86.3266,
0.00142482,
0.000641019,
13.6714,
99.9981,
0.0019871,
66.3208,
15.4442,
18.1636,
0.0712904,
96.1959,
3.80412,
99.8585,
0.141511,
87.4674,
12.5326,
21.8449,
78.1551,
99.7899,
0.210073,
97.7936,
2.20631,
2.47096,
0.00427375]}