{"f":100.0,"x":[1.88000000000000,0.0650000000000000,0.0790000000000000,95,0.0500000000000000,0.190000000000000,0.484000000000000,0.194000000000000,0.0304000000000000,0.647100000000000,0.600000000000000,25,1.80000000000000,0.0558000000000000,0.00800000000000000,0.0570000000000000,0.0558000000000000,0.900000000000000,0.820000000000000,0.0100000000000000,2.70000000000000,0.00210000000000000,0.00900000000000000,0.0618000000000000,0.00790000000000000,0.0331000000000000,2.30000000000000,0.0500000000000000,0.110000000000000,0.500000000000000,0.000500000000000000,339,7,3,1,34,3,0,1,0.830872000000000,0.0428836000000000,0.0476115000000000,0.881325000000000,0.0409359000000000,476.351000000000,2.00467000000000,354.852000000000,0.0439327000000000,0.633000000000000,0.0368000000000000,0.877000000000000,31,0.368000000000000,1940,0.547000000000000,3.22728000000000,5758.78000000000,0.0422768000000000,3424.35000000000,280.753000000000,2.91310000000000,0.267089000000000,0.00137731000000000,0.0987558000000000,5790.17000000000,34.7965000000000,4.45581000000000,42.8395000000000,143.597000000000,0.536145000000000,1.84230000000000,0.0550640000000000,24.8260000000000,1.06013000000000,2.64988000000000,0.0857515000000000,2.65168000000000,36.9348000000000,30.5424000000000,2.13707000000000,65.1841000000000,51,2290,724.242000000000,7042.19000000000,0.129810000000000,0.0444092000000000,3.32890000000000,30.9967000000000,5872.68000000000,0.985466000000000,0.0100000000000000,2.10000000000000e-06,0.178911000000000,4.47816000000000,0.160881000000000,2.62714000000000,2.13610000000000,11495.6000000000,410.203000000000,78000,4183,7102550,0.100000000000000,0.400000000000000,1.50000000000000,7600000,39500000,13000,92000,960000,750000,17600000,3.22000000000000,3000,4000,0,0.100000000000000,0.140000000000000,14,2.35000000000000,0.605258000000000,1.14284000000000,0.749599000000000,0.136960000000000,0.158650000000000,0.0896200000000000,0.0323845000000000,1,62.8127000000000,1,1,30,1.21000000000000,4.61000000000000,0.262500000000000,0.105000000000000,0.577000000000000,0.0586000000000000,0,0,0,0,0,0,0,0,0,0,0,0,0,0,0,0,0,0,0,0,0,0,0,0,0,0,0,1,1,4.99997000000000,1226.46000000000,1.42405000000000]}